<?xml version='1.0' encoding='UTF-8'?>
<org.jenkinsci.plugins.workflow.support.storage.SimpleXStreamFlowNodeStorage_-Tag plugin="workflow-support@2.13">
  <node class="org.jenkinsci.plugins.workflow.cps.nodes.StepStartNode" plugin="workflow-cps@2.29">
    <parentIds>
      <string>11</string>
    </parentIds>
    <id>12</id>
    <descriptorId>org.jenkinsci.plugins.workflow.steps.TimeoutStep</descriptorId>
  </node>
  <actions>
    <org.jenkinsci.plugins.workflow.support.actions.LogActionImpl>
      <charset>UTF-8</charset>
    </org.jenkinsci.plugins.workflow.support.actions.LogActionImpl>
    <org.jenkinsci.plugins.workflow.actions.TimingAction plugin="workflow-api@2.12">
      <startTime>1493664340214</startTime>
    </org.jenkinsci.plugins.workflow.actions.TimingAction>
  </actions>
</org.jenkinsci.plugins.workflow.support.storage.SimpleXStreamFlowNodeStorage_-Tag>